mean,std,min,max,low_pct,high_pct,filename,label
47.668140625,71.24814390550974,0,255,66.29046875,4.28203125,cat1.jpg,cat
141.049971875,58.78576514822027,0,255,10.3065625,17.46828125,cat2.jpg,cat
132.07625,57.24694567452922,0,255,9.1321875,13.487656249999999,dog1.jpg,dog
169.4992506811989,55.695921857897446,5,248,1.794649492197176,46.73061679464949,dog2.jpg,dog
